Export2016,Import2016,TotalGDP2018,perGDP2017,Travel_in2017,Travel_out2017,iso2,iso3,English,Country,Continent
33.03,27.08,1720.9,31605,13300,26496,KR,KOR,"Korea, South",South_Korea,Asia
16.99,31.04,12.4,3915,NA,NA,AM,ARM,Armenia,Armenia,Europe
35.54,22.42,46.9,4147,NA,NA,AZ,AZE,Azerbaijan,Azerbaijan,Europe
20.77,35.97,37.7,23715,NA,NA,BH,BHR,Bahrain,Bahrain,Asia
13.63,18.63,274,1564,NA,NA,BD,BGD,Bangladesh,Bangladesh,Asia
23.64,45.16,2.5,3391,NA,NA,BT,BTN,Bhutan,Bhutan,Asia
46.07,-,24.6,1385,NA,NA,KH,KHM,Cambodia,Cambodia,Asia
19.18,14.27,13608.2,8759,60700,143035,CN,CHN,China,China,Asia
9.88,34.75,24.5,25761,NA,NA,CY,CYP,Cyprus,Cyprus,Europe
14.7,50.73,16.2,4045,NA,NA,GE,GEO,Georgia,Georgia,Europe
11.55,15.79,2726.3,1981,15500,23943,IN,IND,India,India,Asia
15.48,14.54,1042.2,3837,12900,8856,ID,IDN,Indonesia,Indonesia,Asia
18.91,20.6,369.7,40544,NA,NA,IL,ISR,Israel,Israel,Asia
13.09,12.33,4970.9,38332,28700,17889,JP,JPN,Japan,Japan,Asia
19.13,49.63,42.3,4169,NA,NA,JO,JOR,Jordan,Jordan,Asia
26.76,18.49,170.5,9030,-,10261,KZ,KAZ,Kazakhstan,Kazakhstan,Asia
42.29,28.17,141.7,29475,NA,NA,KW,KWT,Kuwait,Kuwait,Asia
22.06,58.17,8.1,1243,NA,NA,KG,KGZ,Kyrgyzstan,Kyrgyzstan,Asia
5.81,36.52,56.6,7838,NA,NA,LB,LBN,Lebanon,Lebanon,Asia
63.91,56.76,354.3,10118,25900,-,MY,MYS,Malaysia,Malaysia,Asia
3.16,48.16,5.3,9802,NA,NA,MV,MDV,Maldives,Maldives,Asia
43.95,30.02,13,3672,NA,NA,MN,MNG,Mongolia,Mongolia,Asia
18.69,24.8,71.2,1250,NA,NA,MM,MMR,Burma,Myanmar,Asia
40.66,35.2,79.3,15170,NA,NA,OM,OMN,Oman,Oman,Asia
7.3,16.79,312.6,1467,NA,NA,PK,PAK,Pakistan,Pakistan,Asia
18.83,29.33,330.9,2982,6600,-,PH,PHL,Philippines,Philippines,Asia
37.73,21.13,192,61264,NA,NA,QA,QAT,Qatar,Qatar,Asia
28.47,21.73,782.5,20804,16100,21071,SA,SAU,Saudi Arabia,Saudi_Arabia,Asia
106.28,91.77,364.2,60298,13900,9889,SG,SGP,Singapore,Singapore,Asia
12.51,23.28,88.9,4105,NA,NA,LK,LKA,Sri Lanka,Sri_Lanka,Asia
12.93,-,7.5,806,NA,NA,TJ,TJK,,Tajikistan,Asia
51.89,47.34,505,6578,35400,-,TH,THA,Thailand,Thailand,Asia
16.52,22.99,766.5,10500,37600,8887,TR,TUR,Turkey,Turkey,Asia
86.03,84.88,244.9,2366,12900,-,VN,VNM,Vietnam,Vietnam,Asia
25.77,27.04,1709.3,45070,20800,33060,CA,CAN,Canada,Canada,America
34.69,35.91,1223.8,9281,39300,19067,MX,MEX,Mexico,Mexico,America
7.76,12.03,20494.1,59928,76900,87703,US,USA,US,United_States_of_America,America
4.16,33.74,1.6,15825,NA,NA,AG,ATG,Antigua and Barbuda,Antigua_and_Barbuda,America
10.35,9.97,518.5,14592,6700,-,AR,ARG,Argentina,Argentina,America
3.4,24.76,-,31858,NA,NA,BS,BHS,Bahamas,Bahamas,America
11.41,35.8,-,16328,NA,NA,BB,BRB,Barbados,Barbados,America
14.44,52.74,1.9,4957,NA,NA,BZ,BLZ,Belize,Belize,America
20.62,24.98,40.3,3351,NA,NA,BO,BOL,Bolivia,Bolivia,America
10.31,7.98,1868.6,9881,6600,9458,BR,BRA,Brazil,Brazil,America
24.26,23.5,298.2,15037,6400,-,CL,CHL,Chile,Chile,America
10.96,15.87,330.2,6376,NA,NA,CO,COL,Colombia,Colombia,America
3.93,37.18,0.5,6951,NA,NA,DM,DMA,Dominica,Dominica,America
6.04,24.05,81.3,7223,-,-,DO,DOM,Dominican Republic,Dominican_Republic,America
16.81,16.33,108.4,6214,NA,NA,EC,ECU,Ecuador,Ecuador,America
22.44,40.68,26.1,3902,NA,NA,SV,SLV,El Salvador,El_Salvador,America
2.78,33.02,1.2,10164,NA,NA,GD,GRD,Grenada,Grenada,America
15.22,24.76,78.5,4471,NA,NA,GT,GTM,Guatemala,Guatemala,America
18.02,41.33,23.8,2433,NA,NA,HN,HND,Honduras,Honduras,America
8.44,34.47,15.7,5061,NA,NA,JM,JAM,Jamaica,Jamaica,America
16.76,44.31,13.1,2168,NA,NA,NI,NIC,Nicaragua,Nicaragua,America
1.1,20.18,65.1,15166,NA,NA,PA,PAN,Panama,Panama,America
23.58,27.05,40.8,5681,NA,NA,PY,PRY,Paraguay,Paraguay,America
19.29,-,222.2,6701,NA,NA,PE,PER,Peru,Peru,America
5.33,34.76,1,19061,NA,NA,KN,KNA,Saint Kitts and Nevis,Saint_Kitts_and_Nevis,America
7.09,38.77,1.9,10003,NA,NA,LC,LCA,Saint Lucia,Saint_Lucia,America
6.06,43.43,0.8,7150,NA,NA,VC,VCT,Saint Vincent and the Grenadines,Saint_Vincent_and_the_Grenadines,America
45.01,39,3.4,5379,NA,NA,SR,SUR,Suriname,Suriname,America
13.28,15.44,59.6,16437,NA,NA,UY,URY,Uruguay,Uruguay,America
16.54,39.36,15.1,4533,NA,NA,AL,ALB,Albania,Albania,Europe
36.83,38.1,455.7,47381,29500,11491,AT,AUT,Austria,Austria,Europe
49.32,57.85,59.7,5762,NA,NA,BY,BLR,Belarus,Belarus,Europe
84.79,80.77,531.8,43507,8400,-,BE,BEL,Belgium,Belgium,Europe
50.13,54.39,65.1,8228,8900,-,BG,BGR,Bulgaria,Bulgaria,Europe
26.32,41.85,60.8,13384,15600,-,HR,HRV,Croatia,Croatia,Europe
83.41,73.32,244.1,20380,-,-,CZ,CZE,Czechia,Czechia,Europe
30.52,27.33,351.3,57219,11700,8102,DK,DNK,Denmark,Denmark,Europe
54.95,62.37,30.3,20200,NA,NA,EE,EST,Estonia,Estonia,Europe
24.02,25.46,275.7,45805,-,9330,FI,FIN,Finland,Finland,Europe
20.29,23.14,2777.5,38679,86900,29055,FR,FRA,France,France,Europe
38.18,30.19,3996.8,44681,37500,92402,DE,DEU,Germany,Germany,Europe
14.37,24.69,218,18883,27200,-,GR,GRC,Greece,Greece,Europe
81.72,72.54,155.7,14279,15800,20297,HU,HUN,Hungary,Hungary,Europe
21.51,27.5,25.9,71315,NA,NA,IS,ISL,Iceland,Iceland,Europe
43.3,26.82,375.9,68942,10300,-,IE,IRL,Ireland,Ireland,Europe
24.76,21.87,2073.9,32155,58300,31805,IT,ITA,Italy,Italy,Europe
41.27,49.01,34.8,15685,NA,NA,LV,LVA,Latvia,Latvia,Europe
58.2,63.61,53.3,16810,NA,NA,LT,LTU,Lithuania,Lithuania,Europe
26.82,36.93,69.5,104499,NA,NA,LU,LUX,Luxembourg,Luxembourg,Europe
44.85,63.26,12.7,5418,NA,NA,MK,MKD,North Macedonia,North_Macedonia,Europe
38.01,62.49,14.5,27241,NA,NA,MT,MLT,Malta,Malta,Europe
25.33,49.81,11.3,2724,NA,NA,MD,MDA,Moldova,Moldova,Europe
72.83,63.92,912.9,48483,17900,-,NL,NLD,Netherlands,Netherlands,Europe
24.1,19.57,434.8,75704,6300,-,NO,NOR,Norway,Norway,Europe
43.2,42.29,585.8,13861,18300,46700,PL,POL,Poland,Poland,Europe
26.84,32.85,238,21291,21200,-,PT,PRT,Portugal,Portugal,Europe
33.73,39.58,239.6,10793,-,19953,RO,ROU,Romania,Romania,Europe
21.96,-,1657.6,10751,24400,39629,RU,RUS,Russia,Russia,Europe
86.33,84.02,106.5,17579,-,-,SK,SVK,Slovakia,Slovakia,Europe
61.91,59.77,54.2,23450,NA,NA,SI,SVN,Slovenia,Slovenia,Europe
23.21,25.1,1426.2,28208,81900,17031,ES,ESP,Spain,Spain,Europe
27.19,27.53,551,53253,6900,-,SE,SWE,Sweden,Sweden,Europe
31.9,26.29,705.5,80333,11100,-,CH,CHE,Switzerland,Switzerland,Europe
38.95,42.03,130.8,2641,14200,26437,UA,UKR,Ukraine,Ukraine,Europe
15.2,21.94,2825.2,39932,37700,74189,GB,GBR,United Kingdom,United_Kingdom,Europe
18.51,29.18,180.7,4048,NA,NA,DZ,DZA,Algeria,Algeria,Africa
28.93,12.23,105.8,4096,NA,NA,AO,AGO,Angola,Angola,Africa
4.77,29.61,10.4,827,NA,NA,BJ,BEN,Benin,Benin,Africa
47.03,39.26,18.6,7894,NA,NA,BW,BWA,Botswana,Botswana,Africa
3.74,24.81,3.1,293,NA,NA,BI,BDI,Burundi,Burundi,Africa
10.13,15.96,38.5,1422,NA,NA,CM,CMR,Cameroon,Cameroon,Africa
3.6,40.04,2,3295,NA,NA,CV,CPV,Cabo Verde,Cape_Verde,Africa
30.2,23.74,43,1557,NA,NA,CI,CIV,Cote d'Ivoire,Cote_dIvoire,Africa
6.63,18,250.9,2441,8200,-,EG,EGY,Egypt,Egypt,Africa
3.75,21.87,84.4,768,NA,NA,ET,ETH,Ethiopia,Ethiopia,Africa
8.23,20.39,87.9,1568,NA,NA,KE,KEN,Kenya,Kenya,Africa
38.44,69.3,2.8,1233,NA,NA,LS,LSO,,Lesotho,Africa
25.79,33.04,48.3,5792,NA,NA,LY,LBY,Libya,Libya,Africa
21.48,27.45,17.2,829,NA,NA,ML,MLI,Mali,Mali,Africa
19.38,38.11,14.2,10485,NA,NA,MU,MUS,Mauritius,Mauritius,Africa
22.09,40.35,118.5,3036,11300,-,MA,MAR,Morocco,Morocco,Africa
42.61,61.15,14.5,5646,NA,NA,NA,NAM,Namibia,Namibia,Africa
8.23,8.78,397.3,1969,NA,NA,NG,NGA,Nigeria,Nigeria,Africa
7.21,30.74,9.5,762,NA,NA,RW,RWA,Rwanda,Rwanda,Africa
0.18,-,0.4,1811,NA,NA,ST,STP,Sao Tome and Principe,Sao_Tome_and_Principe,Africa
12.18,26.42,24.1,1367,NA,NA,SN,SEN,Senegal,Senegal,Africa
19.78,72.85,1.6,15684,NA,NA,SC,SYC,Seychelles,Seychelles,Africa
25.8,26.68,366.3,6121,10300,-,ZA,ZAF,South Africa,South_Africa,Africa
3.24,8.71,NA,NA,NA,NA,SD,SDN,Sudan,Sudan,Africa
8.84,15.85,57.4,1005,NA,NA,TZ,TZA,Tanzania,United_Republic_of_Tanzania,Africa
32.25,46.54,39.9,3494,7100,-,TN,TUN,Tunisia,Tunisia,Africa
10.26,19.98,27.5,632,NA,NA,UG,UGA,Uganda,Uganda,Africa
31.1,35.84,26.7,1535,NA,NA,ZM,ZMB,Zambia,Zambia,Africa
16.15,25.38,31,1602,NA,NA,ZW,ZWE,Zimbabwe,Zimbabwe,Africa
15.91,16.21,1432.2,54094,8800,10932,AU,AUS,Australia,Australia,Oceania
18.86,47.01,5.5,6006,NA,NA,FJ,FJI,Fiji,Fiji,Oceania
17.97,19.13,205,42260,NA,NA,NZ,NZL,New Zealand,New_Zealand,Oceania
39.38,10.14,23.4,2640,NA,NA,PG,PNG,Papua New Guinea,Papua_New_Guinea,Oceania
NA,NA,19.4,556,NA,NA,AF,AFG,Afghanistan,Afghanistan,Asia
NA,NA,13.6,28572,NA,NA,BN,BRN,Brunei,Brunei_Darussalam,Asia
NA,NA,2.6,2001,NA,NA,TL,TLS,Timor-Leste,Timor_Leste,Asia
NA,NA,-,5628,NA,NA,IR,IRN,Iran,Iran,Asia
NA,NA,225.9,5144,NA,NA,IQ,IRQ,Iraq,Iraq,Asia
NA,NA,18.1,2424,NA,NA,LA,LAO,Laos,Laos,Asia
NA,NA,28.8,901,NA,NA,NP,NPL,Nepal,Nepal,Asia
NA,NA,414.2,40325,15800,-,AE,ARE,United Arab Emirates,United_Arab_Emirates,Asia
NA,NA,50.5,1827,NA,NA,UZ,UZB,Uzbekistan,Uzbekistan,Asia
NA,NA,26.9,963,NA,NA,YE,YEM,Yemen,Yemen,Asia
NA,NA,-,-,NA,NA,GL,GRL,Denmark,Greenland,America
NA,NA,-,25630,NA,NA,AW,ABW,Netherlands,Aruba,America
NA,NA,60.1,11753,NA,NA,CR,CRI,Costa Rica,Costa_Rica,America
NA,NA,-,8541,NA,NA,CU,CUB,Cuba,Cuba,America
NA,NA,3.6,4586,NA,NA,GY,GUY,Guyana,Guyana,America
NA,NA,9.7,766,NA,NA,HT,HTI,Haiti,Haiti,America
NA,NA,101.1,31353,NA,NA,PR,PRI,US,Puerto_Rico,America
NA,NA,-,35938,NA,NA,VI,VIR,US,United_States_Virgin_Islands,America
NA,NA,3.2,NA,NA,NA,AD,AND,Andorra,Andorra,Europe
NA,NA,19.8,5395,NA,NA,BA,BIH,Bosnia and Herzegovina,Bosnia_and_Herzegovina,Europe
NA,NA,-,-,NA,NA,FO,FRO,Denmark,Faroe_Islands,Europe
NA,NA,-,-,NA,NA,IM,IMN,United Kingdom,Isle_of_Man,Europe
NA,NA,-,-,NA,NA,LI,LIE,Liechtenstein,Liechtenstein,Europe
NA,NA,-,166726,NA,NA,MC,MCO,Monaco,Monaco,Europe
NA,NA,-,48495,NA,NA,SM,SMR,San Marino,San_Marino,Europe
NA,NA,5.5,7784,NA,NA,ME,MNE,Montenegro,Montenegro,Europe
NA,NA,50.5,6284,NA,NA,RS,SRB,Serbia,Serbia,Europe
NA,NA,14.4,642,NA,NA,BF,BFA,Burkina Faso,Burkina_Faso,Africa
NA,NA,2.4,472,NA,NA,CF,CAF,Central African Republic,Central_African_Republic,Africa
NA,NA,11.3,664,NA,NA,TD,TCD,Chad,Chad,Africa
NA,NA,11.3,1703,NA,NA,CG,COG,Congo (Brazzaville),Congo,Africa
NA,NA,47.2,467,NA,NA,CD,COD,Congo (Kinshasa),Democratic_Republic_of_the_Congo,Africa
NA,NA,2,1954,NA,NA,DJ,DJI,Djibouti,Djibouti,Africa
NA,NA,13.3,9738,NA,NA,GQ,GNQ,Equatorial Guinea,Equatorial_Guinea,Africa
NA,NA,17,7213,NA,NA,GA,GAB,Gabon,Gabon,Africa
NA,NA,1.6,673,NA,NA,GM,GMB,Gambia,Gambia,Africa
NA,NA,65.6,2026,NA,NA,GH,GHA,Ghana,Ghana,Africa
NA,NA,11,822,NA,NA,GN,GIN,Guinea,Guinea,Africa
NA,NA,1.5,737,NA,NA,GW,GNB,Guinea-Bissau,Guinea_Bissau,Africa
NA,NA,3.2,699,NA,NA,LR,LBR,Liberia,Liberia,Africa
NA,NA,12.1,448,NA,NA,MG,MDG,Madagascar,Madagascar,Africa
NA,NA,7.1,357,NA,NA,MW,MWI,Malawi,Malawi,Africa
NA,NA,5.4,1162,NA,NA,MR,MRT,Mauritania,Mauritania,Africa
NA,NA,14.5,442,NA,NA,MZ,MOZ,Mozambique,Mozambique,Africa
NA,NA,9.2,376,NA,NA,NE,NER,Niger,Niger,Africa
NA,NA,4,499,NA,NA,SL,SLE,Sierra Leone,Sierra_Leone,Africa
NA,NA,7.5,489,NA,NA,SO,SOM,Somalia,Somalia,Africa
NA,NA,4.7,3942,NA,NA,SZ,SWZ,Eswatini,Eswatini,Africa
NA,NA,5.3,619,NA,NA,TG,TGO,Togo,Togo,Africa
NA,NA,-,35665,NA,NA,GU,GUM,US,Guam,Oceania
NA,NA,-,28164,NA,NA,MP,MNP,US,Northern_Mariana_Islands,Oceania
