Date,Case_Type,Cases,Difference,Country_Region,Days_after_First_Cases
2020-05-06,Confirmed,0,0,비수도권,1
2020-05-07,Confirmed,0,0,비수도권,2
2020-05-08,Confirmed,0,0,비수도권,3
2020-05-09,Confirmed,1,1,비수도권,4
2020-05-10,Confirmed,6,5,비수도권,5
2020-05-11,Confirmed,9,3,비수도권,6
2020-05-12,Confirmed,10,1,비수도권,7
2020-05-13,Confirmed,17,7,비수도권,8
2020-05-14,Confirmed,22,5,비수도권,9
2020-05-15,Confirmed,25,3,비수도권,10
2020-05-16,Confirmed,27,2,비수도권,11
2020-05-17,Confirmed,29,2,비수도권,12
2020-05-18,Confirmed,32,3,비수도권,13
2020-05-19,Confirmed,32,0,비수도권,14
2020-05-20,Confirmed,34,2,비수도권,15
2020-05-21,Confirmed,35,1,비수도권,16
2020-05-22,Confirmed,38,3,비수도권,17
2020-05-23,Confirmed,40,2,비수도권,18
2020-05-24,Confirmed,46,6,비수도권,19
2020-05-25,Confirmed,48,2,비수도권,20
2020-05-26,Confirmed,51,3,비수도권,21
2020-05-27,Confirmed,53,2,비수도권,22
2020-05-28,Confirmed,56,3,비수도권,23
2020-05-29,Confirmed,56,0,비수도권,24
2020-05-30,Confirmed,59,3,비수도권,25
2020-05-31,Confirmed,59,0,비수도권,26
2020-06-01,Confirmed,60,1,비수도권,27
2020-06-02,Confirmed,60,0,비수도권,28
2020-06-03,Confirmed,61,1,비수도권,29
2020-06-04,Confirmed,61,0,비수도권,30
2020-06-05,Confirmed,64,3,비수도권,31
2020-06-06,Confirmed,67,3,비수도권,32
2020-06-07,Confirmed,68,1,비수도권,33
2020-06-08,Confirmed,68,0,비수도권,34
2020-06-09,Confirmed,70,2,비수도권,35
2020-06-10,Confirmed,73,3,비수도권,36
2020-06-11,Confirmed,73,0,비수도권,37
2020-06-12,Confirmed,74,1,비수도권,38
2020-06-13,Confirmed,75,1,비수도권,39
2020-06-14,Confirmed,77,2,비수도권,40
2020-06-15,Confirmed,78,1,비수도권,41
2020-06-16,Confirmed,82,4,비수도권,42
2020-06-17,Confirmed,88,6,비수도권,43
2020-06-18,Confirmed,100,12,비수도권,44
2020-06-19,Confirmed,106,6,비수도권,45
2020-06-20,Confirmed,115,9,비수도권,46
2020-06-21,Confirmed,131,16,비수도권,47
2020-06-22,Confirmed,135,4,비수도권,48
2020-06-23,Confirmed,140,5,비수도권,49
2020-06-24,Confirmed,152,12,비수도권,50
2020-06-25,Confirmed,157,5,비수도권,51
2020-06-26,Confirmed,165,8,비수도권,52
2020-06-27,Confirmed,169,4,비수도권,53
2020-06-28,Confirmed,183,14,비수도권,54
2020-06-29,Confirmed,192,9,비수도권,55
2020-06-30,Confirmed,201,9,비수도권,56
2020-07-01,Confirmed,217,16,비수도권,57
2020-07-02,Confirmed,243,26,비수도권,58
2020-07-03,Confirmed,264,21,비수도권,59
2020-07-04,Confirmed,279,15,비수도권,60
2020-07-05,Confirmed,304,25,비수도권,61
2020-07-06,Confirmed,316,12,비수도권,62
2020-07-07,Confirmed,324,8,비수도권,63
2020-07-08,Confirmed,337,13,비수도권,64
2020-07-09,Confirmed,358,21,비수도권,65
2020-07-10,Confirmed,370,12,비수도권,66
2020-07-11,Confirmed,381,11,비수도권,67
2020-07-12,Confirmed,387,6,비수도권,68
2020-07-13,Confirmed,393,6,비수도권,69
2020-07-14,Confirmed,396,3,비수도권,70
2020-07-15,Confirmed,398,2,비수도권,71
2020-07-16,Confirmed,401,3,비수도권,72
2020-07-17,Confirmed,410,9,비수도권,73
2020-07-18,Confirmed,412,2,비수도권,74
2020-07-19,Confirmed,423,11,비수도권,75
2020-07-20,Confirmed,425,2,비수도권,76
2020-07-21,Confirmed,426,1,비수도권,77
2020-07-22,Confirmed,427,1,비수도권,78
2020-07-23,Confirmed,436,9,비수도권,79
2020-07-24,Confirmed,440,4,비수도권,80
2020-07-25,Confirmed,445,5,비수도권,81
2020-07-26,Confirmed,447,2,비수도권,82
2020-07-27,Confirmed,448,1,비수도권,83
2020-07-28,Confirmed,449,1,비수도권,84
2020-07-29,Confirmed,450,1,비수도권,85
2020-07-30,Confirmed,450,0,비수도권,86
2020-07-31,Confirmed,452,2,비수도권,87
2020-08-01,Confirmed,453,1,비수도권,88
2020-08-02,Confirmed,455,2,비수도권,89
2020-08-03,Confirmed,455,0,비수도권,90
2020-08-04,Confirmed,458,3,비수도권,91
2020-08-05,Confirmed,465,7,비수도권,92
2020-08-06,Confirmed,472,7,비수도권,93
2020-08-07,Confirmed,472,0,비수도권,94
2020-08-08,Confirmed,472,0,비수도권,95
2020-08-09,Confirmed,476,4,비수도권,96
2020-08-10,Confirmed,477,1,비수도권,97
2020-08-11,Confirmed,487,10,비수도권,98
2020-08-12,Confirmed,490,3,비수도권,99
2020-08-13,Confirmed,496,6,비수도권,100
2020-08-14,Confirmed,509,13,비수도권,101
2020-08-15,Confirmed,519,10,비수도권,102
2020-08-16,Confirmed,541,22,비수도권,103
2020-08-17,Confirmed,566,25,비수도권,104
2020-05-06,Confirmed,0,0,수도권(서울+경기+인천),1
2020-05-07,Confirmed,1,1,수도권(서울+경기+인천),2
2020-05-08,Confirmed,2,1,수도권(서울+경기+인천),3
2020-05-09,Confirmed,18,16,수도권(서울+경기+인천),4
2020-05-10,Confirmed,39,21,수도권(서울+경기+인천),5
2020-05-11,Confirmed,65,26,수도권(서울+경기+인천),6
2020-05-12,Confirmed,86,21,수도권(서울+경기+인천),7
2020-05-13,Confirmed,101,15,수도권(서울+경기+인천),8
2020-05-14,Confirmed,122,21,수도권(서울+경기+인천),9
2020-05-15,Confirmed,141,19,수도권(서울+경기+인천),10
2020-05-16,Confirmed,148,7,수도권(서울+경기+인천),11
2020-05-17,Confirmed,152,4,수도권(서울+경기+인천),12
2020-05-18,Confirmed,154,2,수도권(서울+경기+인천),13
2020-05-19,Confirmed,163,9,수도권(서울+경기+인천),14
2020-05-20,Confirmed,185,22,수도권(서울+경기+인천),15
2020-05-21,Confirmed,194,9,수도권(서울+경기+인천),16
2020-05-22,Confirmed,202,8,수도권(서울+경기+인천),17
2020-05-23,Confirmed,219,17,수도권(서울+경기+인천),18
2020-05-24,Confirmed,230,11,수도권(서울+경기+인천),19
2020-05-25,Confirmed,241,11,수도권(서울+경기+인천),20
2020-05-26,Confirmed,254,13,수도권(서울+경기+인천),21
2020-05-27,Confirmed,289,35,수도권(서울+경기+인천),22
2020-05-28,Confirmed,354,65,수도권(서울+경기+인천),23
2020-05-29,Confirmed,409,55,수도권(서울+경기+인천),24
2020-05-30,Confirmed,433,24,수도권(서울+경기+인천),25
2020-05-31,Confirmed,448,15,수도권(서울+경기+인천),26
2020-06-01,Confirmed,477,29,수도권(서울+경기+인천),27
2020-06-02,Confirmed,513,36,수도권(서울+경기+인천),28
2020-06-03,Confirmed,558,45,수도권(서울+경기+인천),29
2020-06-04,Confirmed,591,33,수도권(서울+경기+인천),30
2020-06-05,Confirmed,622,31,수도권(서울+경기+인천),31
2020-06-06,Confirmed,662,40,수도권(서울+경기+인천),32
2020-06-07,Confirmed,714,52,수도권(서울+경기+인천),33
2020-06-08,Confirmed,747,33,수도권(서울+경기+인천),34
2020-06-09,Confirmed,780,33,수도권(서울+경기+인천),35
2020-06-10,Confirmed,820,40,수도권(서울+경기+인천),36
2020-06-11,Confirmed,860,40,수도권(서울+경기+인천),37
2020-06-12,Confirmed,902,42,수도권(서울+경기+인천),38
2020-06-13,Confirmed,944,42,수도권(서울+경기+인천),39
2020-06-14,Confirmed,973,29,수도권(서울+경기+인천),40
2020-06-15,Confirmed,995,22,수도권(서울+경기+인천),41
2020-06-16,Confirmed,1012,17,수도권(서울+경기+인천),42
2020-06-17,Confirmed,1037,25,수도권(서울+경기+인천),43
2020-06-18,Confirmed,1076,39,수도권(서울+경기+인천),44
2020-06-19,Confirmed,1102,26,수도권(서울+경기+인천),45
2020-06-20,Confirmed,1129,27,수도권(서울+경기+인천),46
2020-06-21,Confirmed,1153,24,수도권(서울+경기+인천),47
2020-06-22,Confirmed,1160,7,수도권(서울+경기+인천),48
2020-06-23,Confirmed,1171,11,수도권(서울+경기+인천),49
2020-06-24,Confirmed,1190,19,수도권(서울+경기+인천),50
2020-06-25,Confirmed,1208,18,수도권(서울+경기+인천),51
2020-06-26,Confirmed,1227,19,수도권(서울+경기+인천),52
2020-06-27,Confirmed,1254,27,수도권(서울+경기+인천),53
2020-06-28,Confirmed,1280,26,수도권(서울+경기+인천),54
2020-06-29,Confirmed,1301,21,수도권(서울+경기+인천),55
2020-06-30,Confirmed,1314,13,수도권(서울+경기+인천),56
2020-07-01,Confirmed,1334,20,수도권(서울+경기+인천),57
2020-07-02,Confirmed,1352,18,수도권(서울+경기+인천),58
2020-07-03,Confirmed,1381,29,수도권(서울+경기+인천),59
2020-07-04,Confirmed,1402,21,수도권(서울+경기+인천),60
2020-07-05,Confirmed,1420,18,수도권(서울+경기+인천),61
2020-07-06,Confirmed,1432,12,수도권(서울+경기+인천),62
2020-07-07,Confirmed,1444,12,수도권(서울+경기+인천),63
2020-07-08,Confirmed,1461,17,수도권(서울+경기+인천),64
2020-07-09,Confirmed,1468,7,수도권(서울+경기+인천),65
2020-07-10,Confirmed,1478,10,수도권(서울+경기+인천),66
2020-07-11,Confirmed,1487,9,수도권(서울+경기+인천),67
2020-07-12,Confirmed,1502,15,수도권(서울+경기+인천),68
2020-07-13,Confirmed,1515,13,수도권(서울+경기+인천),69
2020-07-14,Confirmed,1526,11,수도권(서울+경기+인천),70
2020-07-15,Confirmed,1535,9,수도권(서울+경기+인천),71
2020-07-16,Confirmed,1546,11,수도권(서울+경기+인천),72
2020-07-17,Confirmed,1558,12,수도권(서울+경기+인천),73
2020-07-18,Confirmed,1567,9,수도권(서울+경기+인천),74
2020-07-19,Confirmed,1577,10,수도권(서울+경기+인천),75
2020-07-20,Confirmed,1579,2,수도권(서울+경기+인천),76
2020-07-21,Confirmed,1598,19,수도권(서울+경기+인천),77
2020-07-22,Confirmed,1626,28,수도권(서울+경기+인천),78
2020-07-23,Confirmed,1656,30,수도권(서울+경기+인천),79
2020-07-24,Confirmed,1680,24,수도권(서울+경기+인천),80
2020-07-25,Confirmed,1702,22,수도권(서울+경기+인천),81
2020-07-26,Confirmed,1712,10,수도권(서울+경기+인천),82
2020-07-27,Confirmed,1720,8,수도권(서울+경기+인천),83
2020-07-28,Confirmed,1724,4,수도권(서울+경기+인천),84
2020-07-29,Confirmed,1737,13,수도권(서울+경기+인천),85
2020-07-30,Confirmed,1744,7,수도권(서울+경기+인천),86
2020-07-31,Confirmed,1756,12,수도권(서울+경기+인천),87
2020-08-01,Confirmed,1763,7,수도권(서울+경기+인천),88
2020-08-02,Confirmed,1769,6,수도권(서울+경기+인천),89
2020-08-03,Confirmed,1772,3,수도권(서울+경기+인천),90
2020-08-04,Confirmed,1782,10,수도권(서울+경기+인천),91
2020-08-05,Confirmed,1790,8,수도권(서울+경기+인천),92
2020-08-06,Confirmed,1806,16,수도권(서울+경기+인천),93
2020-08-07,Confirmed,1815,9,수도권(서울+경기+인천),94
2020-08-08,Confirmed,1845,30,수도권(서울+경기+인천),95
2020-08-09,Confirmed,1871,26,수도권(서울+경기+인천),96
2020-08-10,Confirmed,1887,16,수도권(서울+경기+인천),97
2020-08-11,Confirmed,1900,13,수도권(서울+경기+인천),98
2020-08-12,Confirmed,1932,32,수도권(서울+경기+인천),99
2020-08-13,Confirmed,1973,41,수도권(서울+경기+인천),100
2020-08-14,Confirmed,2045,72,수도권(서울+경기+인천),101
2020-08-15,Confirmed,2190,145,수도권(서울+경기+인천),102
2020-08-16,Confirmed,2435,245,수도권(서울+경기+인천),103
2020-08-17,Confirmed,2598,163,수도권(서울+경기+인천),104
2020-05-06,Confirmed,0,0,전국(지역),1
2020-05-07,Confirmed,1,1,전국(지역),2
2020-05-08,Confirmed,2,1,전국(지역),3
2020-05-09,Confirmed,19,17,전국(지역),4
2020-05-10,Confirmed,45,26,전국(지역),5
2020-05-11,Confirmed,74,29,전국(지역),6
2020-05-12,Confirmed,96,22,전국(지역),7
2020-05-13,Confirmed,118,22,전국(지역),8
2020-05-14,Confirmed,144,26,전국(지역),9
2020-05-15,Confirmed,166,22,전국(지역),10
2020-05-16,Confirmed,175,9,전국(지역),11
2020-05-17,Confirmed,181,6,전국(지역),12
2020-05-18,Confirmed,186,5,전국(지역),13
2020-05-19,Confirmed,195,9,전국(지역),14
2020-05-20,Confirmed,219,24,전국(지역),15
2020-05-21,Confirmed,229,10,전국(지역),16
2020-05-22,Confirmed,240,11,전국(지역),17
2020-05-23,Confirmed,259,19,전국(지역),18
2020-05-24,Confirmed,276,17,전국(지역),19
2020-05-25,Confirmed,289,13,전국(지역),20
2020-05-26,Confirmed,305,16,전국(지역),21
2020-05-27,Confirmed,342,37,전국(지역),22
2020-05-28,Confirmed,410,68,전국(지역),23
2020-05-29,Confirmed,465,55,전국(지역),24
2020-05-30,Confirmed,492,27,전국(지역),25
2020-05-31,Confirmed,507,15,전국(지역),26
2020-06-01,Confirmed,537,30,전국(지역),27
2020-06-02,Confirmed,573,36,전국(지역),28
2020-06-03,Confirmed,619,46,전국(지역),29
2020-06-04,Confirmed,652,33,전국(지역),30
2020-06-05,Confirmed,686,34,전국(지역),31
2020-06-06,Confirmed,729,43,전국(지역),32
2020-06-07,Confirmed,782,53,전국(지역),33
2020-06-08,Confirmed,815,33,전국(지역),34
2020-06-09,Confirmed,850,35,전국(지역),35
2020-06-10,Confirmed,893,43,전국(지역),36
2020-06-11,Confirmed,933,40,전국(지역),37
2020-06-12,Confirmed,976,43,전국(지역),38
2020-06-13,Confirmed,1019,43,전국(지역),39
2020-06-14,Confirmed,1050,31,전국(지역),40
2020-06-15,Confirmed,1073,23,전국(지역),41
2020-06-16,Confirmed,1094,21,전국(지역),42
2020-06-17,Confirmed,1125,31,전국(지역),43
2020-06-18,Confirmed,1176,51,전국(지역),44
2020-06-19,Confirmed,1208,32,전국(지역),45
2020-06-20,Confirmed,1244,36,전국(지역),46
2020-06-21,Confirmed,1284,40,전국(지역),47
2020-06-22,Confirmed,1295,11,전국(지역),48
2020-06-23,Confirmed,1311,16,전국(지역),49
2020-06-24,Confirmed,1342,31,전국(지역),50
2020-06-25,Confirmed,1365,23,전국(지역),51
2020-06-26,Confirmed,1392,27,전국(지역),52
2020-06-27,Confirmed,1423,31,전국(지역),53
2020-06-28,Confirmed,1463,40,전국(지역),54
2020-06-29,Confirmed,1493,30,전국(지역),55
2020-06-30,Confirmed,1515,22,전국(지역),56
2020-07-01,Confirmed,1551,36,전국(지역),57
2020-07-02,Confirmed,1595,44,전국(지역),58
2020-07-03,Confirmed,1645,50,전국(지역),59
2020-07-04,Confirmed,1681,36,전국(지역),60
2020-07-05,Confirmed,1724,43,전국(지역),61
2020-07-06,Confirmed,1748,24,전국(지역),62
2020-07-07,Confirmed,1768,20,전국(지역),63
2020-07-08,Confirmed,1798,30,전국(지역),64
2020-07-09,Confirmed,1826,28,전국(지역),65
2020-07-10,Confirmed,1848,22,전국(지역),66
2020-07-11,Confirmed,1868,20,전국(지역),67
2020-07-12,Confirmed,1889,21,전국(지역),68
2020-07-13,Confirmed,1908,19,전국(지역),69
2020-07-14,Confirmed,1922,14,전국(지역),70
2020-07-15,Confirmed,1933,11,전국(지역),71
2020-07-16,Confirmed,1947,14,전국(지역),72
2020-07-17,Confirmed,1968,21,전국(지역),73
2020-07-18,Confirmed,1979,11,전국(지역),74
2020-07-19,Confirmed,2000,21,전국(지역),75
2020-07-20,Confirmed,2004,4,전국(지역),76
2020-07-21,Confirmed,2024,20,전국(지역),77
2020-07-22,Confirmed,2053,29,전국(지역),78
2020-07-23,Confirmed,2092,39,전국(지역),79
2020-07-24,Confirmed,2120,28,전국(지역),80
2020-07-25,Confirmed,2147,27,전국(지역),81
2020-07-26,Confirmed,2159,12,전국(지역),82
2020-07-27,Confirmed,2168,9,전국(지역),83
2020-07-28,Confirmed,2173,5,전국(지역),84
2020-07-29,Confirmed,2187,14,전국(지역),85
2020-07-30,Confirmed,2194,7,전국(지역),86
2020-07-31,Confirmed,2208,14,전국(지역),87
2020-08-01,Confirmed,2216,8,전국(지역),88
2020-08-02,Confirmed,2224,8,전국(지역),89
2020-08-03,Confirmed,2227,3,전국(지역),90
2020-08-04,Confirmed,2240,13,전국(지역),91
2020-08-05,Confirmed,2255,15,전국(지역),92
2020-08-06,Confirmed,2278,23,전국(지역),93
2020-08-07,Confirmed,2287,9,전국(지역),94
2020-08-08,Confirmed,2317,30,전국(지역),95
2020-08-09,Confirmed,2347,30,전국(지역),96
2020-08-10,Confirmed,2364,17,전국(지역),97
2020-08-11,Confirmed,2387,23,전국(지역),98
2020-08-12,Confirmed,2422,35,전국(지역),99
2020-08-13,Confirmed,2469,47,전국(지역),100
2020-08-14,Confirmed,2554,85,전국(지역),101
2020-08-15,Confirmed,2709,155,전국(지역),102
2020-08-16,Confirmed,2976,267,전국(지역),103
2020-08-17,Confirmed,3164,188,전국(지역),104
2020-05-06,Confirmed,2,2,전국(지역+해외),1
2020-05-07,Confirmed,6,4,전국(지역+해외),2
2020-05-08,Confirmed,18,12,전국(지역+해외),3
2020-05-09,Confirmed,36,18,전국(지역+해외),4
2020-05-10,Confirmed,70,34,전국(지역+해외),5
2020-05-11,Confirmed,105,35,전국(지역+해외),6
2020-05-12,Confirmed,132,27,전국(지역+해외),7
2020-05-13,Confirmed,158,26,전국(지역+해외),8
2020-05-14,Confirmed,187,29,전국(지역+해외),9
2020-05-15,Confirmed,214,27,전국(지역+해외),10
2020-05-16,Confirmed,233,19,전국(지역+해외),11
2020-05-17,Confirmed,246,13,전국(지역+해외),12
2020-05-18,Confirmed,261,15,전국(지역+해외),13
2020-05-19,Confirmed,274,13,전국(지역+해외),14
2020-05-20,Confirmed,306,32,전국(지역+해외),15
2020-05-21,Confirmed,318,12,전국(지역+해외),16
2020-05-22,Confirmed,338,20,전국(지역+해외),17
2020-05-23,Confirmed,361,23,전국(지역+해외),18
2020-05-24,Confirmed,386,25,전국(지역+해외),19
2020-05-25,Confirmed,402,16,전국(지역+해외),20
2020-05-26,Confirmed,421,19,전국(지역+해외),21
2020-05-27,Confirmed,461,40,전국(지역+해외),22
2020-05-28,Confirmed,540,79,전국(지역+해외),23
2020-05-29,Confirmed,598,58,전국(지역+해외),24
2020-05-30,Confirmed,637,39,전국(지역+해외),25
2020-05-31,Confirmed,664,27,전국(지역+해외),26
2020-06-01,Confirmed,699,35,전국(지역+해외),27
2020-06-02,Confirmed,737,38,전국(지역+해외),28
2020-06-03,Confirmed,786,49,전국(지역+해외),29
2020-06-04,Confirmed,825,39,전국(지역+해외),30
2020-06-05,Confirmed,864,39,전국(지역+해외),31
2020-06-06,Confirmed,915,51,전국(지역+해외),32
2020-06-07,Confirmed,972,57,전국(지역+해외),33
2020-06-08,Confirmed,1010,38,전국(지역+해외),34
2020-06-09,Confirmed,1048,38,전국(지역+해외),35
2020-06-10,Confirmed,1098,50,전국(지역+해외),36
2020-06-11,Confirmed,1143,45,전국(지역+해외),37
2020-06-12,Confirmed,1199,56,전국(지역+해외),38
2020-06-13,Confirmed,1247,48,전국(지역+해외),39
2020-06-14,Confirmed,1281,34,전국(지역+해외),40
2020-06-15,Confirmed,1317,36,전국(지역+해외),41
2020-06-16,Confirmed,1351,34,전국(지역+해외),42
2020-06-17,Confirmed,1394,43,전국(지역+해외),43
2020-06-18,Confirmed,1453,59,전국(지역+해외),44
2020-06-19,Confirmed,1502,49,전국(지역+해외),45
2020-06-20,Confirmed,1569,67,전국(지역+해외),46
2020-06-21,Confirmed,1617,48,전국(지역+해외),47
2020-06-22,Confirmed,1634,17,전국(지역+해외),48
2020-06-23,Confirmed,1680,46,전국(지역+해외),49
2020-06-24,Confirmed,1731,51,전국(지역+해외),50
2020-06-25,Confirmed,1759,28,전국(지역+해외),51
2020-06-26,Confirmed,1798,39,전국(지역+해외),52
2020-06-27,Confirmed,1849,51,전국(지역+해외),53
2020-06-28,Confirmed,1911,62,전국(지역+해외),54
2020-06-29,Confirmed,1953,42,전국(지역+해외),55
2020-06-30,Confirmed,1995,42,전국(지역+해외),56
2020-07-01,Confirmed,2046,51,전국(지역+해외),57
2020-07-02,Confirmed,2100,54,전국(지역+해외),58
2020-07-03,Confirmed,2161,61,전국(지역+해외),59
2020-07-04,Confirmed,2224,63,전국(지역+해외),60
2020-07-05,Confirmed,2285,61,전국(지역+해외),61
2020-07-06,Confirmed,2333,48,전국(지역+해외),62
2020-07-07,Confirmed,2377,44,전국(지역+해외),63
2020-07-08,Confirmed,2439,62,전국(지역+해외),64
2020-07-09,Confirmed,2489,50,전국(지역+해외),65
2020-07-10,Confirmed,2534,45,전국(지역+해외),66
2020-07-11,Confirmed,2569,35,전국(지역+해외),67
2020-07-12,Confirmed,2613,44,전국(지역+해외),68
2020-07-13,Confirmed,2675,62,전국(지역+해외),69
2020-07-14,Confirmed,2708,33,전국(지역+해외),70
2020-07-15,Confirmed,2747,39,전국(지역+해외),71
2020-07-16,Confirmed,2808,61,전국(지역+해외),72
2020-07-17,Confirmed,2868,60,전국(지역+해외),73
2020-07-18,Confirmed,2907,39,전국(지역+해외),74
2020-07-19,Confirmed,2941,34,전국(지역+해외),75
2020-07-20,Confirmed,2967,26,전국(지역+해외),76
2020-07-21,Confirmed,3012,45,전국(지역+해외),77
2020-07-22,Confirmed,3075,63,전국(지역+해외),78
2020-07-23,Confirmed,3134,59,전국(지역+해외),79
2020-07-24,Confirmed,3175,41,전국(지역+해외),80
2020-07-25,Confirmed,3288,113,전국(지역+해외),81
2020-07-26,Confirmed,3346,58,전국(지역+해외),82
2020-07-27,Confirmed,3371,25,전국(지역+해외),83
2020-07-28,Confirmed,3399,28,전국(지역+해외),84
2020-07-29,Confirmed,3447,48,전국(지역+해외),85
2020-07-30,Confirmed,3465,18,전국(지역+해외),86
2020-07-31,Confirmed,3501,36,전국(지역+해외),87
2020-08-01,Confirmed,3532,31,전국(지역+해외),88
2020-08-02,Confirmed,3562,30,전국(지역+해외),89
2020-08-03,Confirmed,3585,23,전국(지역+해외),90
2020-08-04,Confirmed,3619,34,전국(지역+해외),91
2020-08-05,Confirmed,3652,33,전국(지역+해외),92
2020-08-06,Confirmed,3695,43,전국(지역+해외),93
2020-08-07,Confirmed,3715,20,전국(지역+해외),94
2020-08-08,Confirmed,3758,43,전국(지역+해외),95
2020-08-09,Confirmed,3794,36,전국(지역+해외),96
2020-08-10,Confirmed,3822,28,전국(지역+해외),97
2020-08-11,Confirmed,3856,34,전국(지역+해외),98
2020-08-12,Confirmed,3910,54,전국(지역+해외),99
2020-08-13,Confirmed,3966,56,전국(지역+해외),100
2020-08-14,Confirmed,4069,103,전국(지역+해외),101
2020-08-15,Confirmed,4235,166,전국(지역+해외),102
2020-08-16,Confirmed,4514,279,전국(지역+해외),103
2020-08-17,Confirmed,4711,197,전국(지역+해외),104
2020-05-06,Confirmed,2,2,해외(검역+검역 이후),1
2020-05-07,Confirmed,5,3,해외(검역+검역 이후),2
2020-05-08,Confirmed,16,11,해외(검역+검역 이후),3
2020-05-09,Confirmed,17,1,해외(검역+검역 이후),4
2020-05-10,Confirmed,25,8,해외(검역+검역 이후),5
2020-05-11,Confirmed,31,6,해외(검역+검역 이후),6
2020-05-12,Confirmed,36,5,해외(검역+검역 이후),7
2020-05-13,Confirmed,40,4,해외(검역+검역 이후),8
2020-05-14,Confirmed,43,3,해외(검역+검역 이후),9
2020-05-15,Confirmed,48,5,해외(검역+검역 이후),10
2020-05-16,Confirmed,58,10,해외(검역+검역 이후),11
2020-05-17,Confirmed,65,7,해외(검역+검역 이후),12
2020-05-18,Confirmed,75,10,해외(검역+검역 이후),13
2020-05-19,Confirmed,79,4,해외(검역+검역 이후),14
2020-05-20,Confirmed,87,8,해외(검역+검역 이후),15
2020-05-21,Confirmed,89,2,해외(검역+검역 이후),16
2020-05-22,Confirmed,98,9,해외(검역+검역 이후),17
2020-05-23,Confirmed,102,4,해외(검역+검역 이후),18
2020-05-24,Confirmed,110,8,해외(검역+검역 이후),19
2020-05-25,Confirmed,113,3,해외(검역+검역 이후),20
2020-05-26,Confirmed,116,3,해외(검역+검역 이후),21
2020-05-27,Confirmed,119,3,해외(검역+검역 이후),22
2020-05-28,Confirmed,130,11,해외(검역+검역 이후),23
2020-05-29,Confirmed,133,3,해외(검역+검역 이후),24
2020-05-30,Confirmed,145,12,해외(검역+검역 이후),25
2020-05-31,Confirmed,157,12,해외(검역+검역 이후),26
2020-06-01,Confirmed,162,5,해외(검역+검역 이후),27
2020-06-02,Confirmed,164,2,해외(검역+검역 이후),28
2020-06-03,Confirmed,167,3,해외(검역+검역 이후),29
2020-06-04,Confirmed,173,6,해외(검역+검역 이후),30
2020-06-05,Confirmed,178,5,해외(검역+검역 이후),31
2020-06-06,Confirmed,186,8,해외(검역+검역 이후),32
2020-06-07,Confirmed,190,4,해외(검역+검역 이후),33
2020-06-08,Confirmed,195,5,해외(검역+검역 이후),34
2020-06-09,Confirmed,198,3,해외(검역+검역 이후),35
2020-06-10,Confirmed,205,7,해외(검역+검역 이후),36
2020-06-11,Confirmed,210,5,해외(검역+검역 이후),37
2020-06-12,Confirmed,223,13,해외(검역+검역 이후),38
2020-06-13,Confirmed,228,5,해외(검역+검역 이후),39
2020-06-14,Confirmed,231,3,해외(검역+검역 이후),40
2020-06-15,Confirmed,244,13,해외(검역+검역 이후),41
2020-06-16,Confirmed,257,13,해외(검역+검역 이후),42
2020-06-17,Confirmed,269,12,해외(검역+검역 이후),43
2020-06-18,Confirmed,277,8,해외(검역+검역 이후),44
2020-06-19,Confirmed,294,17,해외(검역+검역 이후),45
2020-06-20,Confirmed,325,31,해외(검역+검역 이후),46
2020-06-21,Confirmed,333,8,해외(검역+검역 이후),47
2020-06-22,Confirmed,339,6,해외(검역+검역 이후),48
2020-06-23,Confirmed,369,30,해외(검역+검역 이후),49
2020-06-24,Confirmed,389,20,해외(검역+검역 이후),50
2020-06-25,Confirmed,394,5,해외(검역+검역 이후),51
2020-06-26,Confirmed,406,12,해외(검역+검역 이후),52
2020-06-27,Confirmed,426,20,해외(검역+검역 이후),53
2020-06-28,Confirmed,448,22,해외(검역+검역 이후),54
2020-06-29,Confirmed,460,12,해외(검역+검역 이후),55
2020-06-30,Confirmed,480,20,해외(검역+검역 이후),56
2020-07-01,Confirmed,495,15,해외(검역+검역 이후),57
2020-07-02,Confirmed,505,10,해외(검역+검역 이후),58
2020-07-03,Confirmed,516,11,해외(검역+검역 이후),59
2020-07-04,Confirmed,543,27,해외(검역+검역 이후),60
2020-07-05,Confirmed,561,18,해외(검역+검역 이후),61
2020-07-06,Confirmed,585,24,해외(검역+검역 이후),62
2020-07-07,Confirmed,609,24,해외(검역+검역 이후),63
2020-07-08,Confirmed,641,32,해외(검역+검역 이후),64
2020-07-09,Confirmed,663,22,해외(검역+검역 이후),65
2020-07-10,Confirmed,686,23,해외(검역+검역 이후),66
2020-07-11,Confirmed,701,15,해외(검역+검역 이후),67
2020-07-12,Confirmed,724,23,해외(검역+검역 이후),68
2020-07-13,Confirmed,767,43,해외(검역+검역 이후),69
2020-07-14,Confirmed,786,19,해외(검역+검역 이후),70
2020-07-15,Confirmed,814,28,해외(검역+검역 이후),71
2020-07-16,Confirmed,861,47,해외(검역+검역 이후),72
2020-07-17,Confirmed,900,39,해외(검역+검역 이후),73
2020-07-18,Confirmed,928,28,해외(검역+검역 이후),74
2020-07-19,Confirmed,941,13,해외(검역+검역 이후),75
2020-07-20,Confirmed,963,22,해외(검역+검역 이후),76
2020-07-21,Confirmed,988,25,해외(검역+검역 이후),77
2020-07-22,Confirmed,1022,34,해외(검역+검역 이후),78
2020-07-23,Confirmed,1042,20,해외(검역+검역 이후),79
2020-07-24,Confirmed,1055,13,해외(검역+검역 이후),80
2020-07-25,Confirmed,1141,86,해외(검역+검역 이후),81
2020-07-26,Confirmed,1187,46,해외(검역+검역 이후),82
2020-07-27,Confirmed,1203,16,해외(검역+검역 이후),83
2020-07-28,Confirmed,1226,23,해외(검역+검역 이후),84
2020-07-29,Confirmed,1260,34,해외(검역+검역 이후),85
2020-07-30,Confirmed,1271,11,해외(검역+검역 이후),86
2020-07-31,Confirmed,1293,22,해외(검역+검역 이후),87
2020-08-01,Confirmed,1316,23,해외(검역+검역 이후),88
2020-08-02,Confirmed,1338,22,해외(검역+검역 이후),89
2020-08-03,Confirmed,1358,20,해외(검역+검역 이후),90
2020-08-04,Confirmed,1379,21,해외(검역+검역 이후),91
2020-08-05,Confirmed,1397,18,해외(검역+검역 이후),92
2020-08-06,Confirmed,1417,20,해외(검역+검역 이후),93
2020-08-07,Confirmed,1428,11,해외(검역+검역 이후),94
2020-08-08,Confirmed,1441,13,해외(검역+검역 이후),95
2020-08-09,Confirmed,1447,6,해외(검역+검역 이후),96
2020-08-10,Confirmed,1458,11,해외(검역+검역 이후),97
2020-08-11,Confirmed,1469,11,해외(검역+검역 이후),98
2020-08-12,Confirmed,1488,19,해외(검역+검역 이후),99
2020-08-13,Confirmed,1497,9,해외(검역+검역 이후),100
2020-08-14,Confirmed,1515,18,해외(검역+검역 이후),101
2020-08-15,Confirmed,1526,11,해외(검역+검역 이후),102
2020-08-16,Confirmed,1538,12,해외(검역+검역 이후),103
2020-08-17,Confirmed,1547,9,해외(검역+검역 이후),104
